{
    "threshold": 1000,
    "r_squared": 0.818646393112571,
    "adj_r_squared": 0.8184533610669218,
    "aic": 33858.3270972655,
    "bic": 33874.947368225934,
    "coef_indicator": -641.2858495462165,
    "coef_ci_lower_95": -922.983386242201,
    "coef_ci_upper_95": -359.58831285023194,
    "p_value_indicator": 8.492448726216601e-06,
    "t_stat_indicator": -4.464743751273858,
    "f_stat_pvalue": 0.0,
    "rmse": 1948.4163097962733,
    "mae": 1016.6288801634948
}