{
    "threshold": 1001,
    "r_squared": 0.818664521785278,
    "adj_r_squared": 0.8184715090357148,
    "aic": 33858.13895726645,
    "bic": 33874.75922822688,
    "coef_indicator": -643.394372026713,
    "coef_ci_lower_95": -924.6818617645654,
    "coef_ci_upper_95": -362.10688228886056,
    "p_value_indicator": 7.69794247012882e-06,
    "t_stat_indicator": -4.485953533677922,
    "f_stat_pvalue": 0.0,
    "rmse": 1948.3189224739117,
    "mae": 1016.3395634562346
}